model,accuracy,precision,recall,f1
Regex only,0.6354491848768644,0.4536637931034483,0.43626943005181346,0.44479661912308505
RuBERT toxic,0.9559486645855012,0.9346473029045643,0.933678756476684,0.9341627786417833
Regex + RuBERT,0.9552549427679501,0.9318181818181818,0.9347150259067357,0.933264355923435
